plant,SNP_1,SNP_2,SNP_3,SNP_4,SNP_5,VPS_674,VPS_675,VPS_692,VPS_731
p1,TT,AA,CT,AA,GG,CG,GT,AC,CT
p2,TT,AA,CT,AA,GG,CG,GT,AC,CT
p6,CT,CC,TT,AA,GG,CC,TT,CC,TT
p7,TT,CC,CT,AA,CC,CC,TT,CC,TT
p8,CT,AC,CT,AG,GG,CC,TT,CC,TT
p9,CT,AC,CT,AA,GG,CG,GT,AC,CT
p10,CC,AC,CT,AG,GG,CC,TT,CC,TT
p11,CT,AC,CT,AA,GG,CG,GT,AC,CT
p12,CT,CC,CT,AA,GG,CC,TT,CC,TT
p17,TT,AC,CC,AA,GG,CC,TT,CC,TT
p19,TT,CC,CT,AA,GG,GG,GG,AA,CC
p20,CT,AA,TT,AA,GG,CC,TT,CC,TT
p21,CC,AC,CT,AG,GG,CC,TT,CC,TT
p22,CC,AC,CT,AA,GG,CC,TT,CC,TT
p25,TT,AC,CT,AG,GG,CC,TT,CC,TT
p27,TT,AC,CC,GG,GG,GG,GG,AA,CC
p28,CT,AC,TT,AG,GG,CC,TT,CC,TT
p29,CT,AA,CT,AA,GG,GG,GG,AA,CC
p30,CT,AC,CT,AG,GG,CG,GT,AC,CT
p31,CT,CC,CT,AA,GG,CC,TT,CC,TT
p32,CC,AC,TT,AG,GG,CG,GT,AC,CT
p33,CC,AC,CT,AA,GG,CC,TT,CC,TT
p34,CT,CC,CT,AA,GG,CG,GT,AC,CT
p35,CC,CC,CT,AG,CG,CG,GT,AC,CT
p36,CT,AC,TT,AA,GG,CG,GT,AC,CT
p37,CT,AA,CC,AA,GG,CC,TT,CC,TT
p38,CC,CC,TT,AA,GG,CC,TT,CC,TT
p50,TT,AA,CT,AA,GG,CG,GT,AC,CT
p51,TT,AA,CT,AA,GG,CG,GT,AC,CT
p52,TT,AA,CT,AA,GG,CG,GT,AC,CT
p53,CT,CC,CC,AG,GG,CC,TT,CC,TT
p54,CT,CC,CC,AG,GG,CC,TT,CC,TT
p56,CT,CC,TT,AA,GG,CC,TT,CC,TT
p57,CT,CC,CT,AA,GG,CC,TT,CC,TT
p59,CT,AC,TT,AA,GG,CC,TT,CC,TT
p61,CT,AA,TT,AA,GG,CC,TT,CC,TT
p66,CT,AA,CT,AG,GG,CG,GT,AC,CT
p71,CC,AC,TT,AG,GG,CC,TT,CC,TT
p72,CC,AA,TT,AG,GG,CG,GT,AC,CT
p74,CT,AC,CT,AA,GG,CG,GT,AC,CT
p79,CC,AC,TT,AG,GG,CG,GT,AC,CT
p81,CT,AC,CC,AA,GG,CC,TT,CC,TT
p82,CT,CC,CC,AA,GG,CC,TT,CC,TT
p85,TT,CC,TT,AA,GG,CC,TT,CC,TT
p90,CT,CC,CT,GG,GG,CG,GT,AC,CT
p91,CC,AA,TT,AA,GG,CC,TT,CC,TT
p98,TT,AC,CC,AG,GG,CC,TT,CC,TT
p99,CT,AA,CC,AG,CG,CC,TT,CC,TT
p100,TT,AC,CT,AA,GG,CC,TT,CC,TT
p101,TT,AC,CT,AA,GG,CC,TT,CC,TT
p102,CT,AA,CT,AG,GG,CC,TT,CC,TT
p103,CT,AA,CT,AA,GG,CC,TT,CC,TT
p104,CT,AC,CT,AG,GG,CC,TT,CC,TT
p105,TT,AA,TT,AA,GG,CC,TT,CC,TT
p106,CT,AC,TT,AA,GG,CC,TT,CC,TT
p107,TT,AA,CT,AA,GG,CC,TT,CC,TT
p108,TT,AC,TT,AA,GG,CC,TT,CC,TT
p109,CC,AC,TT,AA,GG,CC,TT,CC,TT
p110,CT,AA,TT,GG,GG,CG,GT,AC,CT
p111,CT,AA,CT,AA,GG,CG,GT,AC,CT
p112,CC,AA,CT,AA,GG,GG,GG,AA,CC
p113,CT,AC,CT,AA,GG,GG,GG,AA,CC
p114,CC,AC,TT,AA,GG,CC,TT,CC,TT
p115,TT,CC,CT,AA,GG,CC,TT,CC,TT
p116,CC,AC,CT,AG,GG,CC,TT,CC,TT
p117,CC,CC,CT,AA,GG,CC,TT,CC,TT
p118,CT,CC,CT,AA,GG,CG,GT,AC,CT
p120,CT,CC,CT,AA,GG,CG,GT,AC,CT
p121,CT,CC,CT,AA,GG,CC,TT,CC,TT
